"lakename","meantemp","sdtemp","meanTN","sdTN","meanTP","sdTP"
"Paul Lake",20.4289156626506,3.28067252625247,365.114674698795,105.869880475194,10.2765903614458,3.90525406573692
"Peter Lake",20.2602040816327,3.04223669059997,548.273265306122,320.831049201994,17.7923367346939,10.9656443203155
